feature,lld_base,lld_category,lld_description,processing,processing_description,frame_selection
Loudness_sma3,Loudness,Energy/Amplitude,"Estimate of perceived loudness (in sones) derived from the auditory spectrum using a model of the human auditory system. Reflects the psychoacoustic intensity of each frame rather than raw signal energy. Computed on all frames.",sma3,3-point Hanning-window simple moving average applied to all frames.,all
alphaRatio_sma3,alphaRatio,Spectral,"Logarithmic ratio of the summed energy in the 50–1000 Hz frequency band to the summed energy in the 1000–5000 Hz band. Related to vocal effort and overall spectral tilt; computed on all frames (voiced and unvoiced).",sma3,3-point Hanning-window simple moving average applied to all frames.,all
hammarbergIndex_sma3,hammarbergIndex,Spectral,"Logarithmic ratio of the maximum spectral energy peak in the 0–2000 Hz region to the maximum energy peak in the 2000–5000 Hz region. Related to voice quality and the balance of lower-to-higher spectral energy; computed on all frames.",sma3,3-point Hanning-window simple moving average applied to all frames.,all
slope0-500_sma3,slope0-500,Spectral,"Spectral slope from 0 to 500 Hz — linear regression slope of the spectral magnitude across the 0–500 Hz frequency band. Reflects low-frequency spectral tilt; computed on all frames.",sma3,3-point Hanning-window simple moving average applied to all frames.,all
slope500-1500_sma3,slope500-1500,Spectral,"Spectral slope from 500 to 1500 Hz — linear regression slope of the spectral magnitude across the 500–1500 Hz frequency band. Reflects mid-frequency spectral tilt; computed on all frames.",sma3,3-point Hanning-window simple moving average applied to all frames.,all
spectralFlux_sma3,spectralFlux,Spectral,"Rate of change of the spectral magnitude envelope between successive frames, computed as the squared L2-norm of the frame-to-frame spectral difference normalized by the number of spectral bins. Computed on all frames.",sma3,3-point Hanning-window simple moving average applied to all frames.,all
mfcc1_sma3,mfcc1,Spectral,"First Mel-Frequency Cepstral Coefficient (MFCC 1), representing the dominant shape of the spectral envelope projected onto a mel-frequency scale. Computed on all frames.",sma3,3-point Hanning-window simple moving average applied to all frames.,all
mfcc2_sma3,mfcc2,Spectral,"Second Mel-Frequency Cepstral Coefficient (MFCC 2), representing the second-most dominant component of the spectral envelope shape on a mel-frequency scale. Computed on all frames.",sma3,3-point Hanning-window simple moving average applied to all frames.,all
mfcc3_sma3,mfcc3,Spectral,"Third Mel-Frequency Cepstral Coefficient (MFCC 3), capturing additional variation in the spectral envelope shape on a mel-frequency scale. Computed on all frames.",sma3,3-point Hanning-window simple moving average applied to all frames.,all
mfcc4_sma3,mfcc4,Spectral,"Fourth Mel-Frequency Cepstral Coefficient (MFCC 4), capturing higher-order spectral envelope variation on a mel-frequency scale. Computed on all frames.",sma3,3-point Hanning-window simple moving average applied to all frames.,all
F0semitoneFrom27.5Hz_sma3nz,F0semitoneFrom27.5Hz,Frequency,"Fundamental frequency (pitch) expressed in semitones relative to 27.5 Hz (A0), extracted via autocorrelation. The semitone scale provides a perceptually uniform pitch representation that mirrors human perception of pitch intervals. Extracted on voiced frames only (F0 > 0 Hz).",sma3nz,"3-point Hanning-window simple moving average applied only to non-zero (voiced) frames (frames where F0 > 0 Hz); silence and unvoiced frames are excluded from smoothing.",voiced
jitterLocal_sma3nz,jitterLocal,Frequency,"Local jitter — the average absolute cycle-to-cycle difference in fundamental period normalized by the mean period. Quantifies short-term irregularity in vocal fold vibration frequency; higher values indicate greater pitch instability or roughness. Computed on voiced frames only.",sma3nz,"3-point Hanning-window simple moving average applied only to non-zero (voiced) frames (frames where F0 > 0 Hz); silence and unvoiced frames are excluded from smoothing.",voiced
shimmerLocaldB_sma3nz,shimmerLocaldB,Energy/Amplitude,"Local shimmer in dB — the average absolute logarithmic difference in amplitude between consecutive glottal cycles. Quantifies short-term irregularity in vocal fold vibration amplitude; higher values indicate greater amplitude perturbation or roughness. Computed on voiced frames only.",sma3nz,"3-point Hanning-window simple moving average applied only to non-zero (voiced) frames (frames where F0 > 0 Hz); silence and unvoiced frames are excluded from smoothing.",voiced
HNRdBACF_sma3nz,HNRdBACF,Energy/Amplitude,"Harmonics-to-Noise Ratio computed via the autocorrelation function (ACF) in dB. Quantifies the ratio of periodic (harmonic) energy to aperiodic (noise) energy; lower values indicate breathier or more disordered voicing. Computed on voiced frames only.",sma3nz,"3-point Hanning-window simple moving average applied only to non-zero (voiced) frames (frames where F0 > 0 Hz); silence and unvoiced frames are excluded from smoothing.",voiced
logRelF0-H1-H2_sma3nz,logRelF0-H1-H2,Frequency,"Logarithmic ratio of the amplitude of the first harmonic (H1 at F0) to the second harmonic (H2 at 2×F0), corrected for the influence of the nearest formant. Measures spectral tilt of the glottal source signal; associated with phonation type (breathy vs. pressed voice). Computed on voiced frames only.",sma3nz,"3-point Hanning-window simple moving average applied only to non-zero (voiced) frames (frames where F0 > 0 Hz); silence and unvoiced frames are excluded from smoothing.",voiced
logRelF0-H1-A3_sma3nz,logRelF0-H1-A3,Frequency,"Logarithmic ratio of the amplitude of the first harmonic (H1 at F0) to the amplitude at the peak of the third formant region (A3), corrected for formant effects. Related to the open quotient of glottal vibration and overall voice quality (breathy vs. strained). Computed on voiced frames only.",sma3nz,"3-point Hanning-window simple moving average applied only to non-zero (voiced) frames (frames where F0 > 0 Hz); silence and unvoiced frames are excluded from smoothing.",voiced
F1frequency_sma3nz,F1frequency,Frequency,"Center frequency (in Hz) of the first vocal-tract formant resonance (F1), estimated via linear predictive coding (LPC). Primarily determined by vowel height (degree of jaw opening and tongue body height). Computed on voiced frames only.",sma3nz,"3-point Hanning-window simple moving average applied only to non-zero (voiced) frames (frames where F0 > 0 Hz); silence and unvoiced frames are excluded from smoothing.",voiced
F1bandwidth_sma3nz,F1bandwidth,Frequency,"3-dB bandwidth (in Hz) of the first formant resonance, estimated via LPC. Reflects damping and energy losses within the vocal tract at the first resonance frequency. Computed on voiced frames only.",sma3nz,"3-point Hanning-window simple moving average applied only to non-zero (voiced) frames (frames where F0 > 0 Hz); silence and unvoiced frames are excluded from smoothing.",voiced
F1amplitudeLogRelF0_sma3nz,F1amplitudeLogRelF0,Energy/Amplitude,"Logarithmic amplitude difference between the first formant spectral peak and the amplitude at the fundamental frequency (F0). Reflects the strength of the first formant resonance relative to the glottal source signal. Computed on voiced frames only.",sma3nz,"3-point Hanning-window simple moving average applied only to non-zero (voiced) frames (frames where F0 > 0 Hz); silence and unvoiced frames are excluded from smoothing.",voiced
F2frequency_sma3nz,F2frequency,Frequency,"Center frequency (in Hz) of the second vocal-tract formant resonance (F2), estimated via LPC. Primarily determined by tongue frontness/backness position and is a key cue for vowel identity. Computed on voiced frames only.",sma3nz,"3-point Hanning-window simple moving average applied only to non-zero (voiced) frames (frames where F0 > 0 Hz); silence and unvoiced frames are excluded from smoothing.",voiced
F2bandwidth_sma3nz,F2bandwidth,Frequency,"3-dB bandwidth (in Hz) of the second formant resonance, estimated via LPC. Added in eGeMAPSv02; not present in the original GeMAPS feature set. Computed on voiced frames only.",sma3nz,"3-point Hanning-window simple moving average applied only to non-zero (voiced) frames (frames where F0 > 0 Hz); silence and unvoiced frames are excluded from smoothing.",voiced
F2amplitudeLogRelF0_sma3nz,F2amplitudeLogRelF0,Energy/Amplitude,"Logarithmic amplitude difference between the second formant spectral peak and the amplitude at the fundamental frequency (F0). Reflects the strength of the second formant resonance relative to the glottal source signal. Computed on voiced frames only.",sma3nz,"3-point Hanning-window simple moving average applied only to non-zero (voiced) frames (frames where F0 > 0 Hz); silence and unvoiced frames are excluded from smoothing.",voiced
F3frequency_sma3nz,F3frequency,Frequency,"Center frequency (in Hz) of the third vocal-tract formant resonance (F3), estimated via LPC. Related to lip rounding and higher-order vocal tract resonance patterns; varies less across vowels than F1 or F2. Computed on voiced frames only.",sma3nz,"3-point Hanning-window simple moving average applied only to non-zero (voiced) frames (frames where F0 > 0 Hz); silence and unvoiced frames are excluded from smoothing.",voiced
F3bandwidth_sma3nz,F3bandwidth,Frequency,"3-dB bandwidth (in Hz) of the third formant resonance, estimated via LPC. Added in eGeMAPSv02; not present in the original GeMAPS feature set. Computed on voiced frames only.",sma3nz,"3-point Hanning-window simple moving average applied only to non-zero (voiced) frames (frames where F0 > 0 Hz); silence and unvoiced frames are excluded from smoothing.",voiced
F3amplitudeLogRelF0_sma3nz,F3amplitudeLogRelF0,Energy/Amplitude,"Logarithmic amplitude difference between the third formant spectral peak and the amplitude at the fundamental frequency (F0). Reflects the strength of the third formant resonance relative to the glottal source signal. Computed on voiced frames only.",sma3nz,"3-point Hanning-window simple moving average applied only to non-zero (voiced) frames (frames where F0 > 0 Hz); silence and unvoiced frames are excluded from smoothing.",voiced
